"","date","NABAN","PESO.Sum"
"1",2014-12-01,"2710129100",211537.2
"2",2014-12-01,"2710129900",207597113
"3",2014-12-01,"2710191200",51769.12
"4",2014-12-01,"2710193400",236418.79
"5",2014-12-01,"2710193600",260699.53
"6",2014-12-01,"2710193800",2148139.11
"7",2014-12-01,"2710193900",416877.22
"8",2014-12-01,"2710990000",7503.64
"9",2014-12-01,"2710193700",752689.45
"10",2014-12-01,"2710193300",610094.79
"11",2014-12-01,"2710121900",55689690.62
"12",2014-12-01,"2710193500",4310820.68
"13",2014-12-01,"2710191900",2690643.52
"14",2014-12-01,"2710121100",32.76
"15",2014-12-01,"2710121300",118535035.32
"16",2014-12-01,"2710129400",206393.86
"17",2014-12-01,"2710191400",13330580
"18",2014-12-01,"2710192100",286731948
"19",2014-12-01,"2710192200",36.42
"20",2014-12-01,"2710192900",5597312
"21",2014-12-01,"2710193200",1097729.48
"22",2014-12-01,"2710200000",8129.49
"23",2011-01-01,"2710119100",271.11
"24",2011-01-01,"2710191200",2.01
"25",2011-01-01,"2710191900",15100452.22
"26",2011-01-01,"2710193400",257125.91
"27",2011-01-01,"2710193500",7561673.41
"28",2011-01-01,"2710193600",162811.84
"29",2011-01-01,"2710193800",1862249.09
"30",2011-01-01,"2710193900",479707.57
"31",2011-01-01,"2710193700",649773.83
"32",2011-01-01,"2710111300",12041511.37
"33",2011-01-01,"2710193200",44256.72
"34",2011-01-01,"2710193300",365377.63
"35",2011-01-01,"2710111900",8369099.25
"36",2011-01-01,"2710193100",116.09
"37",2011-01-01,"2710119400",18868.12
"38",2011-01-01,"2710119500",12.29
"39",2011-01-01,"2710119900",93109054.48
"40",2011-01-01,"2710192100",199406623
"41",2011-01-01,"2710191500",194400
"42",2011-02-01,"2710119100",268.51
"43",2011-02-01,"2710119400",0.51
"44",2011-02-01,"2710191200",2.7
"45",2011-02-01,"2710192900",63.7
"46",2011-02-01,"2710193400",224652.8
"47",2011-02-01,"2710193500",8995880.35
"48",2011-02-01,"2710193700",416826.43
"49",2011-02-01,"2710193800",1496187.64
"50",2011-02-01,"2710193300",538183.62
"51",2011-02-01,"2710119900",119423050.15
"52",2011-02-01,"2710192100",245002343.9
"53",2011-02-01,"2710111300",12288794.4
"54",2011-02-01,"2710111900",42081204
"55",2011-02-01,"2710193600",134031.82
"56",2011-02-01,"2710193900",30500.97
"57",2011-02-01,"2710191900",3666839.87
"58",2011-02-01,"2710193100",2.7
"59",2011-02-01,"2710191400",6.33
"60",2011-02-01,"2710193200",43456.65
"61",2011-02-01,"2710192200",444779.77
"62",2011-03-01,"2710111900",917.14
"63",2011-03-01,"2710119400",6.25
"64",2011-03-01,"2710191200",20267.15
"65",2011-03-01,"2710191900",4502813.95
"66",2011-03-01,"2710193400",233866.5
"67",2011-03-01,"2710193500",12426945.96
"68",2011-03-01,"2710193700",799308.79
"69",2011-03-01,"2710193800",2283004.05
"70",2011-03-01,"2710193900",358367.2
"71",2011-03-01,"2710193600",200489.92
"72",2011-03-01,"2710111300",1128343.37
"73",2011-03-01,"2710191300",106.7
"74",2011-03-01,"2710119900",92922080.84
"75",2011-03-01,"2710193100",215.12
"76",2011-03-01,"2710119100",155539.2
"77",2011-03-01,"2710192100",78677417.3
"78",2011-03-01,"2710193200",138976.72
"79",2011-03-01,"2710193300",385750.35
"80",2011-03-01,"2710111100",2.71
"81",2011-04-01,"2710119100",513.01
"82",2011-04-01,"2710191200",3818.16
"83",2011-04-01,"2710191900",4533218.62
"84",2011-04-01,"2710193400",280135.05
"85",2011-04-01,"2710193500",6676691.04
"86",2011-04-01,"2710193600",186980.28
"87",2011-04-01,"2710193800",2676060.1
"88",2011-04-01,"2710193900",502085.71
"89",2011-04-01,"2710192100",272192808.3
"90",2011-04-01,"2710193700",722715.16
"91",2011-04-01,"2710193100",18.45
"92",2011-04-01,"2710111300",1126367.29
"93",2011-04-01,"2710111900",6385642
"94",2011-04-01,"2710119900",125341867.78
"95",2011-04-01,"2710191400",4
"96",2011-04-01,"2710193300",1010173.99
"97",2011-04-01,"2710990000",22.84
"98",2011-04-01,"2710193200",79468.15
"99",2011-04-01,"2710191500",301460
"100",2011-05-01,"2710119100",153064.19
"101",2011-05-01,"2710192900",1192.06
"102",2011-05-01,"2710193400",281187.15
"103",2011-05-01,"2710193700",628050.99
"104",2011-05-01,"2710193800",2359898.43
"105",2011-05-01,"2710193900",1971595.31
"106",2011-05-01,"2710193600",244799.39
"107",2011-05-01,"2710111300",10677444.99
"108",2011-05-01,"2710193500",16431807.7
"109",2011-05-01,"2710191400",412
"110",2011-05-01,"2710193200",162421.83
"111",2011-05-01,"2710191900",4986966.51
"112",2011-05-01,"2710111900",6689181
"113",2011-05-01,"2710119400",7924.19
"114",2011-05-01,"2710119900",62698282.81
"115",2011-05-01,"2710192100",257531805.17
"116",2011-05-01,"2710193300",350965.28
"117",2011-05-01,"2710990000",14.58
"118",2011-05-01,"2710191500",320760
"119",2011-06-01,"2710119100",411.3
"120",2011-06-01,"2710191900",4859532.46
"121",2011-06-01,"2710193400",320698.05
"122",2011-06-01,"2710193500",10865164.07
"123",2011-06-01,"2710193600",246336.36
"124",2011-06-01,"2710193700",689455.12
"125",2011-06-01,"2710193800",1939236.62
"126",2011-06-01,"2710193900",363940.58
"127",2011-06-01,"2710111900",12611903.7
"128",2011-06-01,"2710192100",183967016.81
"129",2011-06-01,"2710111300",23937143.37
"130",2011-06-01,"2710193300",371773.67
"131",2011-06-01,"2710111100",0.03
"132",2011-06-01,"2710112000",468457
"133",2011-06-01,"2710119400",4227.55
"134",2011-06-01,"2710119900",121855905.19
"135",2011-06-01,"2710192900",232
"136",2011-06-01,"2710193100",5.77
"137",2011-06-01,"2710193200",97907.28
"138",2011-07-01,"2710119900",129775126.59
"139",2011-07-01,"2710119100",10.64
"140",2011-07-01,"2710191200",2.94
"141",2011-07-01,"2710192900",449.1
"142",2011-07-01,"2710193400",340127.92
"143",2011-07-01,"2710193500",5880262.5
"144",2011-07-01,"2710193600",131043.15
"145",2011-07-01,"2710193700",609581.92
"146",2011-07-01,"2710193800",1544373.87
"147",2011-07-01,"2710193900",2389046.25
"148",2011-07-01,"2710191900",3622586.34
"149",2011-07-01,"2710111300",14563382.72
"150",2011-07-01,"2710193300",798000.51
"151",2011-07-01,"2710193200",38713.03
"152",2011-07-01,"2710192100",104996330.79
"153",2011-07-01,"2710192200",15.23
"154",2011-07-01,"2710111900",26.65
"155",2011-07-01,"2710119200",5.5
"156",2011-08-01,"2710112000",5
"157",2011-08-01,"2710119100",151911.89
"158",2011-08-01,"2710191200",5.93
"159",2011-08-01,"2710191900",4655463.67
"160",2011-08-01,"2710193400",346230.87
"161",2011-08-01,"2710193500",13095943.62
"162",2011-08-01,"2710193700",528571.41
"163",2011-08-01,"2710193800",1691922.91
"164",2011-08-01,"2710193900",861704.35
"165",2011-08-01,"2710111900",6502025
"166",2011-08-01,"2710192100",77633687.2
"167",2011-08-01,"2710193600",197788.74
"168",2011-08-01,"2710193300",577013.4
"169",2011-08-01,"2710111300",4473318.41
"170",2011-08-01,"2710119400",9058
"171",2011-08-01,"2710119900",136711086.72
"172",2011-08-01,"2710192200",22
"173",2011-08-01,"2710192900",22671.2
"174",2011-08-01,"2710193100",973.14
"175",2011-09-01,"2710119100",499.64
"176",2011-09-01,"2710192900",189.4
"177",2011-09-01,"2710193400",326013.22
"178",2011-09-01,"2710193600",224564.36
"179",2011-09-01,"2710193800",1556385.25
"180",2011-09-01,"2710193900",1298951.3
"181",2011-09-01,"2710111900",19783746.88
"182",2011-09-01,"2710193500",10102524.6
"183",2011-09-01,"2710111300",25441166.46
"184",2011-09-01,"2710191900",5337022.15
"185",2011-09-01,"2710193200",188402.26
"186",2011-09-01,"2710193300",518388.21
"187",2011-09-01,"2710193100",20.25
"188",2011-09-01,"2710193700",700136.09
"189",2011-09-01,"2710112000",2.75
"190",2011-09-01,"2710119400",4128.39
"191",2011-09-01,"2710119900",90604085.16
"192",2011-09-01,"2710192100",241275348.21
"193",2011-09-01,"2710191300",536.7
"194",2011-10-01,"2710119100",148799.91
"195",2011-10-01,"2710191900",4073824.02
"196",2011-10-01,"2710192900",464
"197",2011-10-01,"2710193200",161353.99
"198",2011-10-01,"2710193400",322007.8
"199",2011-10-01,"2710193500",10120272.63
"200",2011-10-01,"2710193600",181222.43
"201",2011-10-01,"2710193800",1346039.25
"202",2011-10-01,"2710193900",672711.28
"203",2011-10-01,"2710111900",27612402.12
"204",2011-10-01,"2710192100",178892274.9
"205",2011-10-01,"2710111300",15660569.5
"206",2011-10-01,"2710193700",407172.7
"207",2011-10-01,"2710193300",809341.3
"208",2011-10-01,"2710111100",1173
"209",2011-10-01,"2710112000",1596412
"210",2011-10-01,"2710119900",123801213.95
"211",2011-10-01,"2710191200",0.48
"212",2011-10-01,"2710191400",3.5
"213",2011-10-01,"2710990000",11.34
"214",2011-10-01,"2710193100",185
"215",2011-11-01,"2710111900",6631910.66
"216",2011-11-01,"2710119100",563.85
"217",2011-11-01,"2710191200",7.73
"218",2011-11-01,"2710191400",1.91
"219",2011-11-01,"2710191900",17849482.34
"220",2011-11-01,"2710192100",298138594.46
"221",2011-11-01,"2710192900",42.2
"222",2011-11-01,"2710193400",292985.08
"223",2011-11-01,"2710193500",10077967.07
"224",2011-11-01,"2710193600",347522.66
"225",2011-11-01,"2710193700",425525.2
"226",2011-11-01,"2710193800",2023374.39
"227",2011-11-01,"2710193900",2406828.05
"228",2011-11-01,"2710193300",732060.47
"229",2011-11-01,"2710193200",77554.78
"230",2011-11-01,"2710111300",29082068.31
"231",2011-11-01,"2710119200",14.34
"232",2011-11-01,"2710119400",2317.89
"233",2011-11-01,"2710119900",134129645.93
"234",2011-11-01,"2710192200",14.48
"235",2011-12-01,"2710119100",151153.9
"236",2011-12-01,"2710191200",45625.84
"237",2011-12-01,"2710191900",12195371.6
"238",2011-12-01,"2710192900",536.7
"239",2011-12-01,"2710193400",183706.34
"240",2011-12-01,"2710193500",7912053.27
"241",2011-12-01,"2710193600",228924.22
"242",2011-12-01,"2710193700",639788.83
"243",2011-12-01,"2710193800",1941530.99
"244",2011-12-01,"2710193900",566521.12
"245",2011-12-01,"2710111900",19835242.36
"246",2011-12-01,"2710193200",12909.54
"247",2011-12-01,"2710119200",3.5
"248",2011-12-01,"2710119900",33742168.42
"249",2011-12-01,"2710192100",26823617
"250",2011-12-01,"2710193100",278.62
"251",2011-12-01,"2710193300",601029.96
"252",2011-12-01,"2710111300",525
"253",2012-01-01,"2710193400",306432.58
"254",2012-01-01,"2710193500",10359068.96
"255",2012-01-01,"2710193800",2008975.01
"256",2012-01-01,"2710193900",591659.61
"257",2012-01-01,"2710191900",5034057.08
"258",2012-01-01,"2710193600",121180.06
"259",2012-01-01,"2710121900",20040745.79
"260",2012-01-01,"2710121300",24555589.92
"261",2012-01-01,"2710193700",701835.49
"262",2012-01-01,"2710191300",1453.6
"263",2012-01-01,"2710193200",1636.8
"264",2012-01-01,"2710193100",2.17
"265",2012-01-01,"2710129100",155001.12
"266",2012-01-01,"2710129400",6118.91
"267",2012-01-01,"2710129900",185834680.92
"268",2012-01-01,"2710192100",360131036.2
"269",2012-01-01,"2710192900",30
"270",2012-01-01,"2710193300",512677.74
"271",2012-01-01,"2710200000",4497.79
"272",2012-01-01,"2710990000",51.22
"273",2012-01-01,"2710191200",21.98
"274",2012-02-01,"2710193400",311948.41
"275",2012-02-01,"2710193600",276133.59
"276",2012-02-01,"2710193800",2218855.04
"277",2012-02-01,"2710193900",1182574.74
"278",2012-02-01,"2710191900",5074693.13
"279",2012-02-01,"2710193500",13693094.54
"280",2012-02-01,"2710121900",33114546
"281",2012-02-01,"2710129900",113629668.59
"282",2012-02-01,"2710121300",59052554.82
"283",2012-02-01,"2710193700",543914.86
"284",2012-02-01,"2710193300",749185.12
"285",2012-02-01,"2710129100",36.52
"286",2012-02-01,"2710121100",49
"287",2012-02-01,"2710192100",171675265.6
"288",2012-02-01,"2710192200",32.77
"289",2012-02-01,"2710192900",10
"290",2012-02-01,"2710193200",74232.73
"291",2012-02-01,"2710200000",7288.66
"292",2012-02-01,"2710990000",18.95
"293",2012-02-01,"2710193100",315.57
"294",2012-02-01,"2710129500",5.5
"295",2012-02-01,"2710191200",7625.66
"296",2012-02-01,"2710191500",257410
"297",2012-03-01,"2710129100",334279.5
"298",2012-03-01,"2710191200",2.03
"299",2012-03-01,"2710191900",11230059.79
"300",2012-03-01,"2710193400",172745.91
"301",2012-03-01,"2710193500",4544600.46
"302",2012-03-01,"2710193600",208664.21
"303",2012-03-01,"2710193700",804606.8
"304",2012-03-01,"2710193800",1664903.66
"305",2012-03-01,"2710193900",608895.69
"306",2012-03-01,"2710121900",20080384.22
"307",2012-03-01,"2710129900",160468999.66
"308",2012-03-01,"2710193300",773364.73
"309",2012-03-01,"2710192100",217442866.45
"310",2012-03-01,"2710121300",84338971.71
"311",2012-03-01,"2710193200",21032.25
"312",2012-03-01,"2710129500",1445
"313",2012-03-01,"2710193100",1604.92
"314",2012-03-01,"2710200000",34754.24
"315",2012-03-01,"2710191300",169436.8
"316",2012-04-01,"2710129100",124122.7
"317",2012-04-01,"2710191900",10309132.41
"318",2012-04-01,"2710192900",70.8
"319",2012-04-01,"2710193400",317657.81
"320",2012-04-01,"2710193600",278604.83
"321",2012-04-01,"2710193700",590089.18
"322",2012-04-01,"2710193800",2243343.91
"323",2012-04-01,"2710193900",2134269.06
"324",2012-04-01,"2710192100",152771349.18
"325",2012-04-01,"2710121300",35116278.3
"326",2012-04-01,"2710193500",7329993.1
"327",2012-04-01,"2710193200",29426.19
"328",2012-04-01,"2710121900",16981145
"329",2012-04-01,"2710129900",99178161.92
"330",2012-04-01,"2710193300",447208.95
"331",2012-04-01,"2710121100",54
"332",2012-04-01,"2710129400",2340.18
"333",2012-04-01,"2710191200",1.29
"334",2012-04-01,"2710200000",35080.82
"335",2012-04-01,"2710990000",117.74
"336",2012-04-01,"2710193100",185
"337",2012-05-01,"2710129100",90704.07
"338",2012-05-01,"2710191200",19772.02
"339",2012-05-01,"2710191300",536.7
"340",2012-05-01,"2710193200",1480.69
"341",2012-05-01,"2710193300",578614.14
"342",2012-05-01,"2710193400",252580.12
"343",2012-05-01,"2710193500",12121494.09
"344",2012-05-01,"2710193600",210696.36
"345",2012-05-01,"2710193800",1739274.36
"346",2012-05-01,"2710193900",698607.05
"347",2012-05-01,"2710990000",35.33
"348",2012-05-01,"2710193700",908461.82
"349",2012-05-01,"2710121300",61504401.5
"350",2012-05-01,"2710121900",21517876.33
"351",2012-05-01,"2710129400",3806.65
"352",2012-05-01,"2710129500",3
"353",2012-05-01,"2710129900",162218219.37
"354",2012-05-01,"2710191900",7579862.29
"355",2012-05-01,"2710192100",381404738.97
"356",2012-05-01,"2710192200",16.84
"357",2012-05-01,"2710200000",2440.44
"358",2012-06-01,"2710121900",22916224
"359",2012-06-01,"2710129100",301545.36
"360",2012-06-01,"2710191900",9567265.37
"361",2012-06-01,"2710192900",63.7
"362",2012-06-01,"2710193400",342271.63
"363",2012-06-01,"2710193500",13288206.18
"364",2012-06-01,"2710193600",178494.77
"365",2012-06-01,"2710193700",656222.17
"366",2012-06-01,"2710193800",2750493.97
"367",2012-06-01,"2710193900",1009224.23
"368",2012-06-01,"2710121300",36983205
"369",2012-06-01,"2710193200",307.49
"370",2012-06-01,"2710192100",372309283.8
"371",2012-06-01,"2710193100",7975.18
"372",2012-06-01,"2710129400",2348.93
"373",2012-06-01,"2710129900",158029031.3
"374",2012-06-01,"2710192200",15.57
"375",2012-06-01,"2710193300",714965.72
"376",2012-06-01,"2710200000",34654.45
"377",2012-06-01,"2710990000",153.04
"378",2012-06-01,"2710191300",5.33
"379",2012-07-01,"2710129100",150431.81
"380",2012-07-01,"2710191200",14.43
"381",2012-07-01,"2710191900",9345368.76
"382",2012-07-01,"2710193300",724842.12
"383",2012-07-01,"2710193400",211395.65
"384",2012-07-01,"2710193600",225547.83
"385",2012-07-01,"2710193700",459467.66
"386",2012-07-01,"2710193800",1847085.46
"387",2012-07-01,"2710193900",1247992.84
"388",2012-07-01,"2710121300",69929422.3
"389",2012-07-01,"2710192100",352918780.81
"390",2012-07-01,"2710193500",17443646.47
"391",2012-07-01,"2710193200",186.71
"392",2012-07-01,"2710121900",30582602.29
"393",2012-07-01,"2710129900",161985304.61
"394",2012-07-01,"2710193100",88.1
"395",2012-07-01,"2710200000",68372.11
"396",2012-07-01,"2710990000",36.43
"397",2012-07-01,"2710191400",3
"398",2012-08-01,"2710121300",47355276.26
"399",2012-08-01,"2710121900",31263548.4
"400",2012-08-01,"2710129100",240191.76
"401",2012-08-01,"2710193400",156270.93
"402",2012-08-01,"2710193500",11097884.42
"403",2012-08-01,"2710193700",604203.24
"404",2012-08-01,"2710193800",1877626.35
"405",2012-08-01,"2710193900",3322933.75
"406",2012-08-01,"2710191900",4225605.75
"407",2012-08-01,"2710192100",217410166.26
"408",2012-08-01,"2710193200",21.18
"409",2012-08-01,"2710193600",189941.97
"410",2012-08-01,"2710193300",760231.8
"411",2012-08-01,"2710129400",5362.69
"412",2012-08-01,"2710129900",35521877.47
"413",2012-08-01,"2710191200",4.86
"414",2012-08-01,"2710192200",22.86
"415",2012-08-01,"2710193100",185
"416",2012-08-01,"2710990000",343.5
"417",2012-09-01,"2710129100",242815.73
"418",2012-09-01,"2710191200",328.31
"419",2012-09-01,"2710191900",4891173.82
"420",2012-09-01,"2710193400",304636.14
"421",2012-09-01,"2710193500",9500397.56
"422",2012-09-01,"2710193600",138326.43
"423",2012-09-01,"2710193800",1437905.41
"424",2012-09-01,"2710193900",599616.04
"425",2012-09-01,"2710192100",282277727.87
"426",2012-09-01,"2710193700",815393.43
"427",2012-09-01,"2710121300",15486379.43
"428",2012-09-01,"2710192900",67.01
"429",2012-09-01,"2710193200",2.26
"430",2012-09-01,"2710193300",1201748.8
"431",2012-09-01,"2710193100",2233.87
"432",2012-09-01,"2710121100",8
"433",2012-09-01,"2710121900",21013742.54
"434",2012-09-01,"2710129900",229070524.58
"435",2012-09-01,"2710192200",0.02
"436",2012-09-01,"2710200000",37451.79
"437",2012-09-01,"2710990000",32.5
"438",2012-10-01,"2710121900",29500711.02
"439",2012-10-01,"2710129100",359795.08
"440",2012-10-01,"2710129400",5.17
"441",2012-10-01,"2710191900",5526330.71
"442",2012-10-01,"2710193400",343167.76
"443",2012-10-01,"2710193700",697443.01
"444",2012-10-01,"2710193800",2206692.86
"445",2012-10-01,"2710193900",840524.96
"446",2012-10-01,"2710129900",159420990.15
"447",2012-10-01,"2710121300",14860890.97
"448",2012-10-01,"2710193600",191599.87
"449",2012-10-01,"2710193300",839187.16
"450",2012-10-01,"2710193200",16533.87
"451",2012-10-01,"2710193100",309.01
"452",2012-10-01,"2710193500",7376151.53
"453",2012-10-01,"2710121100",2.01
"454",2012-10-01,"2710191200",19903.68
"455",2012-10-01,"2710192100",228336744
"456",2012-10-01,"2710192200",0.03
"457",2012-10-01,"2710200000",34382.29
"458",2012-11-01,"2710129100",324968.47
"459",2012-11-01,"2710191200",1.99
"460",2012-11-01,"2710191900",5525772.57
"461",2012-11-01,"2710193400",216222.9
"462",2012-11-01,"2710193500",4076003.23
"463",2012-11-01,"2710193600",406428.02
"464",2012-11-01,"2710193700",989171.95
"465",2012-11-01,"2710193800",2601565.48
"466",2012-11-01,"2710193900",706508.58
"467",2012-11-01,"2710121900",19061925.91
"468",2012-11-01,"2710121300",52987910.77
"469",2012-11-01,"2710193200",140.83
"470",2012-11-01,"2710193300",1051346.88
"471",2012-11-01,"2710121100",11609094.34
"472",2012-11-01,"2710129400",1893.25
"473",2012-11-01,"2710129900",74294682.8
"474",2012-11-01,"2710192100",229328912.01
"475",2012-11-01,"2710200000",38414.8
"476",2012-11-01,"2710990000",163
"477",2012-12-01,"2710121300",14770238.11
"478",2012-12-01,"2710129100",377341.15
"479",2012-12-01,"2710191200",53.6
"480",2012-12-01,"2710191900",17256151.26
"481",2012-12-01,"2710193400",249788.42
"482",2012-12-01,"2710193500",11095558.75
"483",2012-12-01,"2710193700",642213.01
"484",2012-12-01,"2710193800",2306028.02
"485",2012-12-01,"2710193900",1598277.27
"486",2012-12-01,"2710990000",454
"487",2012-12-01,"2710193200",38041.7
"488",2012-12-01,"2710193600",225304.23
"489",2012-12-01,"2710193300",521531.17
"490",2012-12-01,"2710129900",82631236.5
"491",2012-12-01,"2710121100",5821.04
"492",2012-12-01,"2710121900",28589011.16
"493",2012-12-01,"2710129400",4422.07
"494",2012-12-01,"2710129500",1.68
"495",2012-12-01,"2710192100",99926991.72
"496",2012-12-01,"2710192200",25.85
"497",2012-12-01,"2710200000",39045.67
"498",2012-12-01,"2710193100",185
"499",2012-12-01,"2710192900",103
"500",2013-01-01,"2710129100",300268.63
"501",2013-01-01,"2710191200",28.33
"502",2013-01-01,"2710191900",5791720.75
"503",2013-01-01,"2710193400",409746.9
"504",2013-01-01,"2710193500",8354795.96
"505",2013-01-01,"2710193800",2110050.19
"506",2013-01-01,"2710193900",4491852.34
"507",2013-01-01,"2710193700",570797.41
"508",2013-01-01,"2710121300",60923571.28
"509",2013-01-01,"2710193600",179782.77
"510",2013-01-01,"2710193300",947485.3
"511",2013-01-01,"2710193200",6.37
"512",2013-01-01,"2710121100",5082.4
"513",2013-01-01,"2710121900",29153959.9
"514",2013-01-01,"2710129900",117672631.35
"515",2013-01-01,"2710191300",7.73
"516",2013-01-01,"2710192100",455662016.4
"517",2013-01-01,"2710192200",3.39
"518",2013-01-01,"2710192900",91
"519",2013-01-01,"2710200000",35933.56
"520",2013-02-01,"2710129100",420372.58
"521",2013-02-01,"2710191900",3209376.89
"522",2013-02-01,"2710193400",163725.23
"523",2013-02-01,"2710193500",7228921.98
"524",2013-02-01,"2710193600",199910.27
"525",2013-02-01,"2710193700",731213.54
"526",2013-02-01,"2710193800",1365870.39
"527",2013-02-01,"2710193900",2027106.73
"528",2013-02-01,"2710121300",36075233.31
"529",2013-02-01,"2710192900",87.88
"530",2013-02-01,"2710121900",20859713.05
"531",2013-02-01,"2710193300",389454.25
"532",2013-02-01,"2710990000",955.89
"533",2013-02-01,"2710121100",3
"534",2013-02-01,"2710129400",2315.31
"535",2013-02-01,"2710129900",88328588.13
"536",2013-02-01,"2710192100",264169780.2
"537",2013-02-01,"2710192200",323.4
"538",2013-02-01,"2710193100",5.27
"539",2013-02-01,"2710200000",2128.33
"540",2013-03-01,"2710129100",250093.72
"541",2013-03-01,"2710191200",22057.88
"542",2013-03-01,"2710193400",2016921.37
"543",2013-03-01,"2710193500",10651596.34
"544",2013-03-01,"2710193600",371576.53
"545",2013-03-01,"2710193800",2305362.45
"546",2013-03-01,"2710193900",1684657.6
"547",2013-03-01,"2710191900",4728225.81
"548",2013-03-01,"2710193700",440140.97
"549",2013-03-01,"2710193200",16735.86
"550",2013-03-01,"2710193300",792424.03
"551",2013-03-01,"2710121300",36934945.99
"552",2013-03-01,"2710121900",31692233
"553",2013-03-01,"2710129400",1984.31
"554",2013-03-01,"2710129900",136270730
"555",2013-03-01,"2710192100",248108042
"556",2013-03-01,"2710192200",7601072
"557",2013-03-01,"2710193100",2266.05
"558",2013-04-01,"2710121300",53359900.32
"559",2013-04-01,"2710121900",21066469.67
"560",2013-04-01,"2710191200",42.08
"561",2013-04-01,"2710191900",3244063.8
"562",2013-04-01,"2710193400",507725.25
"563",2013-04-01,"2710193500",13866438.21
"564",2013-04-01,"2710193600",411919.72
"565",2013-04-01,"2710193700",1102799.89
"566",2013-04-01,"2710193800",2777993.48
"567",2013-04-01,"2710193900",1251022.98
"568",2013-04-01,"2710192200",2841.5
"569",2013-04-01,"2710193200",4489.3
"570",2013-04-01,"2710193300",700334.88
"571",2013-04-01,"2710200000",22702.21
"572",2013-04-01,"2710129100",179412.5
"573",2013-04-01,"2710129900",144819916.52
"574",2013-04-01,"2710193100",111.51
"575",2013-04-01,"2710121100",7.34
"576",2013-04-01,"2710129400",166.72
"577",2013-04-01,"2710192100",158555702.9
"578",2013-04-01,"2710990000",6
"579",2013-05-01,"2710129100",251205.33
"580",2013-05-01,"2710129900",235548811.53
"581",2013-05-01,"2710191200",59.9
"582",2013-05-01,"2710191900",4392812.06
"583",2013-05-01,"2710193400",669839.19
"584",2013-05-01,"2710193500",7507605.71
"585",2013-05-01,"2710193600",371733.37
"586",2013-05-01,"2710193800",3124487.17
"587",2013-05-01,"2710193900",3622074.65
"588",2013-05-01,"2710121300",54315247.49
"589",2013-05-01,"2710193700",750223.59
"590",2013-05-01,"2710193300",873090.94
"591",2013-05-01,"2710193200",2319.6
"592",2013-05-01,"2710192100",367565593.47
"593",2013-05-01,"2710121100",40.11
"594",2013-05-01,"2710121900",10395104.01
"595",2013-05-01,"2710129400",1178.65
"596",2013-05-01,"2710129500",72.36
"597",2013-05-01,"2710191400",1132.42
"598",2013-05-01,"2710192200",380
"599",2013-05-01,"2710192900",1724.52
"600",2013-05-01,"2710193100",10973.76
"601",2013-05-01,"2710200000",18270.7
"602",2013-05-01,"2710990000",72.99
"603",2013-06-01,"2710129100",318020.8
"604",2013-06-01,"2710191200",166.63
"605",2013-06-01,"2710191900",93941.16
"606",2013-06-01,"2710193200",5666.23
"607",2013-06-01,"2710193400",254432.69
"608",2013-06-01,"2710193500",8386754.77
"609",2013-06-01,"2710193600",284803.92
"610",2013-06-01,"2710193800",2121268.11
"611",2013-06-01,"2710193900",2055022.22
"612",2013-06-01,"2710192900",1274
"613",2013-06-01,"2710193300",514760.35
"614",2013-06-01,"2710193700",757813.49
"615",2013-06-01,"2710121300",35599433.09
"616",2013-06-01,"2710129900",112824685.6
"617",2013-06-01,"2710193100",647.53
"618",2013-06-01,"2710121100",263.91
"619",2013-06-01,"2710121900",10981419.33
"620",2013-06-01,"2710129400",3769.32
"621",2013-06-01,"2710192100",206613733.13
"622",2013-06-01,"2710192200",1838.8
"623",2013-06-01,"2710200000",20115.31
"624",2013-06-01,"2710990000",136.1
"625",2013-06-01,"2710191400",17220
"626",2013-07-01,"2710129100",342173.09
"627",2013-07-01,"2710191200",5.87
"628",2013-07-01,"2710193200",5945.32
"629",2013-07-01,"2710193400",222519.57
"630",2013-07-01,"2710193500",11040859.16
"631",2013-07-01,"2710193600",212283.55
"632",2013-07-01,"2710193700",625832.35
"633",2013-07-01,"2710193800",2253147.31
"634",2013-07-01,"2710121300",42228349
"635",2013-07-01,"2710193900",2076625.71
"636",2013-07-01,"2710191900",67007.31
"637",2013-07-01,"2710193300",686153.74
"638",2013-07-01,"2710129900",194531469.9
"639",2013-07-01,"2710193100",2355.83
"640",2013-07-01,"2710121100",5.12
"641",2013-07-01,"2710121900",10590954.46
"642",2013-07-01,"2710129400",1606.68
"643",2013-07-01,"2710191400",157
"644",2013-07-01,"2710192100",404657985
"645",2013-07-01,"2710192200",11.71
"646",2013-07-01,"2710200000",19014.59
"647",2013-08-01,"2710121300",23461812.55
"648",2013-08-01,"2710129100",11221.92
"649",2013-08-01,"2710191200",192
"650",2013-08-01,"2710191900",6516170.77
"651",2013-08-01,"2710193200",33229.23
"652",2013-08-01,"2710193400",288194.07
"653",2013-08-01,"2710193500",10176278.78
"654",2013-08-01,"2710193600",300179.62
"655",2013-08-01,"2710193700",1449162.76
"656",2013-08-01,"2710193800",3010682.78
"657",2013-08-01,"2710200000",36553.22
"658",2013-08-01,"2710193900",2670999.63
"659",2013-08-01,"2710193300",931215.84
"660",2013-08-01,"2710129500",642
"661",2013-08-01,"2710129900",90115245.94
"662",2013-08-01,"2710121100",7.79
"663",2013-08-01,"2710121900",10938920.44
"664",2013-08-01,"2710129400",3742.59
"665",2013-08-01,"2710192100",244358832
"666",2013-08-01,"2710192200",16.63
"667",2013-08-01,"2710193100",189.85
"668",2013-08-01,"2710990000",217.9
"669",2013-09-01,"2710129100",214424.92
"670",2013-09-01,"2710129400",3191.95
"671",2013-09-01,"2710129900",198347817.91
"672",2013-09-01,"2710191200",24519.04
"673",2013-09-01,"2710191900",13897286.15
"674",2013-09-01,"2710193400",463611.88
"675",2013-09-01,"2710193500",11020906.05
"676",2013-09-01,"2710193600",249896.95
"677",2013-09-01,"2710193700",906809.39
"678",2013-09-01,"2710193800",1923928.91
"679",2013-09-01,"2710193300",920869.12
"680",2013-09-01,"2710192100",431345472
"681",2013-09-01,"2710192900",30543071.32
"682",2013-09-01,"2710193200",2755.56
"683",2013-09-01,"2710193900",883155.38
"684",2013-09-01,"2710121300",69263197.97
"685",2013-09-01,"2710121100",8511.98
"686",2013-09-01,"2710121900",29471162.52
"687",2013-09-01,"2710191400",1487.51
"688",2013-09-01,"2710191500",42.47
"689",2013-09-01,"2710192200",31893.53
"690",2013-09-01,"2710193100",14568.18
"691",2013-09-01,"2710200000",35969.88
"692",2013-10-01,"2710129100",225321.89
"693",2013-10-01,"2710129900",114681869.84
"694",2013-10-01,"2710191200",540.1
"695",2013-10-01,"2710193200",6363.34
"696",2013-10-01,"2710193400",272836.22
"697",2013-10-01,"2710193500",7012458.28
"698",2013-10-01,"2710193600",236158.66
"699",2013-10-01,"2710193800",2330961.69
"700",2013-10-01,"2710193900",4678325.31
"701",2013-10-01,"2710193700",700199
"702",2013-10-01,"2710193300",1083626.19
"703",2013-10-01,"2710121300",14787128.65
"704",2013-10-01,"2710191900",45946857.6
"705",2013-10-01,"2710121900",53443866.43
"706",2013-10-01,"2710192100",279648648.95
"707",2013-10-01,"2710121100",5.06
"708",2013-10-01,"2710129400",62452.6
"709",2013-10-01,"2710192200",14.61
"710",2013-10-01,"2710192900",2108
"711",2013-10-01,"2710193100",17175.6
"712",2013-10-01,"2710200000",36033.38
"713",2013-11-01,"2710129100",168646
"714",2013-11-01,"2710191200",1116.7
"715",2013-11-01,"2710191900",26542945.97
"716",2013-11-01,"2710193400",325233.23
"717",2013-11-01,"2710193500",14161643.64
"718",2013-11-01,"2710193600",224175.79
"719",2013-11-01,"2710193800",2963230.68
"720",2013-11-01,"2710193900",4166308.73
"721",2013-11-01,"2710121900",44632108.87
"722",2013-11-01,"2710193700",825365.02
"723",2013-11-01,"2710121300",90343958.93
"724",2013-11-01,"2710193300",751492.3
"725",2013-11-01,"2710129900",248285832.23
"726",2013-11-01,"2710129400",3451.09
"727",2013-11-01,"2710191400",880
"728",2013-11-01,"2710192100",218034093
"729",2013-11-01,"2710192200",7802939.75
"730",2013-11-01,"2710192900",8483890.77
"731",2013-11-01,"2710193100",56417.49
"732",2013-11-01,"2710193200",857.45
"733",2013-11-01,"2710200000",39199.5
"734",2013-12-01,"2710129100",268383.57
"735",2013-12-01,"2710129900",72057081.23
"736",2013-12-01,"2710191900",27195692.8
"737",2013-12-01,"2710192900",154.42
"738",2013-12-01,"2710193200",2671.34
"739",2013-12-01,"2710193400",197249.9
"740",2013-12-01,"2710193500",7952017.09
"741",2013-12-01,"2710193600",124249.08
"742",2013-12-01,"2710193700",786937.45
"743",2013-12-01,"2710193800",2107980.59
"744",2013-12-01,"2710193900",4407334.89
"745",2013-12-01,"2710192100",221647677.21
"746",2013-12-01,"2710193300",725789.4
"747",2013-12-01,"2710121900",581.53
"748",2013-12-01,"2710193100",198
"749",2013-12-01,"2710121300",44708695.98
"750",2013-12-01,"2710129400",92300.7
"751",2013-12-01,"2710191200",4
"752",2013-12-01,"2710192200",8668364.18
"753",2013-12-01,"2710200000",17962.26
"754",2013-12-01,"2710990000",52
"755",2014-01-01,"2710121900",15703903.27
"756",2014-01-01,"2710129100",194470.45
"757",2014-01-01,"2710129900",203437645.25
"758",2014-01-01,"2710191200",11105.75
"759",2014-01-01,"2710191300",826.71
"760",2014-01-01,"2710191900",27143798.29
"761",2014-01-01,"2710193200",28448.14
"762",2014-01-01,"2710193400",347822.51
"763",2014-01-01,"2710193500",9806880.31
"764",2014-01-01,"2710193600",215326.88
"765",2014-01-01,"2710193800",2262843.19
"766",2014-01-01,"2710193300",721137.41
"767",2014-01-01,"2710193700",678310.66
"768",2014-01-01,"2710121300",64443309.41
"769",2014-01-01,"2710193900",1333189.81
"770",2014-01-01,"2710121100",79.12
"771",2014-01-01,"2710129400",45405.73
"772",2014-01-01,"2710192100",377910700.29
"773",2014-01-01,"2710192200",10.53
"774",2014-01-01,"2710192900",8260305
"775",2014-01-01,"2710193100",785.88
"776",2014-01-01,"2710200000",35715.85
"777",2014-02-01,"2710129100",264362.14
"778",2014-02-01,"2710191200",16155.91
"779",2014-02-01,"2710191900",11070283.8
"780",2014-02-01,"2710193400",1743238.63
"781",2014-02-01,"2710193500",20193321.8
"782",2014-02-01,"2710193600",692795.09
"783",2014-02-01,"2710193700",1455235.4
"784",2014-02-01,"2710193800",6950778.6
"785",2014-02-01,"2710193900",522426.67
"786",2014-02-01,"2710121300",99228912.09
"787",2014-02-01,"2710193200",12549.82
"788",2014-02-01,"2710193300",910240.37
"789",2014-02-01,"2710192100",392573900.9
"790",2014-02-01,"2710129900",277663775.99
"791",2014-02-01,"2710121900",54863009.71
"792",2014-02-01,"2710129400",164560.92
"793",2014-02-01,"2710191400",600
"794",2014-02-01,"2710192200",21.39
"795",2014-02-01,"2710193100",13838.94
"796",2014-02-01,"2710990000",52
"797",2014-03-01,"2710129100",191696.73
"798",2014-03-01,"2710191200",2.59
"799",2014-03-01,"2710193400",248783.59
"800",2014-03-01,"2710193500",5046888.78
"801",2014-03-01,"2710193600",175571.08
"802",2014-03-01,"2710193800",2122881.82
"803",2014-03-01,"2710193900",120071.09
"804",2014-03-01,"2710191900",3070233.87
"805",2014-03-01,"2710193700",1382589.85
"806",2014-03-01,"2710193300",729485.35
"807",2014-03-01,"2710121300",44852421.32
"808",2014-03-01,"2710193200",2337.95
"809",2014-03-01,"2710121900",32613570.83
"810",2014-03-01,"2710129400",25052.68
"811",2014-03-01,"2710129900",225095173.95
"812",2014-03-01,"2710191400",165.86
"813",2014-03-01,"2710192100",340504685
"814",2014-03-01,"2710192200",10
"815",2014-03-01,"2710192900",12821639.86
"816",2014-03-01,"2710193100",903.98
"817",2014-03-01,"2710200000",20738.57
"818",2014-03-01,"2710990000",51483
"819",2014-04-01,"2710129100",420378.3
"820",2014-04-01,"2710191200",4757.62
"821",2014-04-01,"2710193400",774246.7
"822",2014-04-01,"2710193500",11930546.74
"823",2014-04-01,"2710193600",271902.48
"824",2014-04-01,"2710193700",1071914.29
"825",2014-04-01,"2710193800",2562653.96
"826",2014-04-01,"2710193900",152003.06
"827",2014-04-01,"2710129400",122128.63
"828",2014-04-01,"2710193300",423712.63
"829",2014-04-01,"2710191900",21192531.53
"830",2014-04-01,"2710193200",20091.03
"831",2014-04-01,"2710200000",36119.71
"832",2014-04-01,"2710121900",43073403.96
"833",2014-04-01,"2710129900",197103475.17
"834",2014-04-01,"2710192900",10.31
"835",2014-04-01,"2710121100",34.67
"836",2014-04-01,"2710121300",44810941.02
"837",2014-04-01,"2710192100",290969853
"838",2014-04-01,"2710193100",3792.98
"839",2014-05-01,"2710129100",160060.46
"840",2014-05-01,"2710191200",12.12
"841",2014-05-01,"2710193400",250371.29
"842",2014-05-01,"2710193500",10149171.67
"843",2014-05-01,"2710193600",237921.04
"844",2014-05-01,"2710193800",2096283.25
"845",2014-05-01,"2710193900",125932.11
"846",2014-05-01,"2710129900",187848416.53
"847",2014-05-01,"2710193700",815694.27
"848",2014-05-01,"2710191900",15457165.02
"849",2014-05-01,"2710191300",64.3
"850",2014-05-01,"2710193200",15783.89
"851",2014-05-01,"2710193300",961623.03
"852",2014-05-01,"2710121100",259
"853",2014-05-01,"2710121300",61117744.1
"854",2014-05-01,"2710121900",21709011.54
"855",2014-05-01,"2710129400",3143.55
"856",2014-05-01,"2710191400",799.2
"857",2014-05-01,"2710192100",278831957
"858",2014-05-01,"2710192200",0.01
"859",2014-05-01,"2710192900",6046841.95
"860",2014-05-01,"2710193100",870.85
"861",2014-05-01,"2710200000",39381
"862",2014-06-01,"2710129100",164411.2
"863",2014-06-01,"2710129900",205035061.51
"864",2014-06-01,"2710191200",389710.25
"865",2014-06-01,"2710191900",15344526.22
"866",2014-06-01,"2710193200",122689.63
"867",2014-06-01,"2710193400",268233.89
"868",2014-06-01,"2710193500",9938390.76
"869",2014-06-01,"2710193600",230731.01
"870",2014-06-01,"2710193700",853736.47
"871",2014-06-01,"2710193800",2438064.43
"872",2014-06-01,"2710193900",193730.74
"873",2014-06-01,"2710193300",603716.31
"874",2014-06-01,"2710121300",75831438.08
"875",2014-06-01,"2710191300",25
"876",2014-06-01,"2710121900",9590227.77
"877",2014-06-01,"2710129400",124472.97
"878",2014-06-01,"2710192100",382011647
"879",2014-06-01,"2710192200",0.25
"880",2014-06-01,"2710192900",5640855
"881",2014-06-01,"2710193100",139.42
"882",2014-06-01,"2710200000",53859.56
"883",2014-07-01,"2710129100",480127.56
"884",2014-07-01,"2710191200",150431.02
"885",2014-07-01,"2710191900",14475576.4
"886",2014-07-01,"2710193400",473423.22
"887",2014-07-01,"2710193500",13012646.23
"888",2014-07-01,"2710193600",187578.12
"889",2014-07-01,"2710193700",858899.48
"890",2014-07-01,"2710193800",2688149.21
"891",2014-07-01,"2710193900",1645066.57
"892",2014-07-01,"2710192900",5645379.47
"893",2014-07-01,"2710121300",62933442.05
"894",2014-07-01,"2710193300",588068.62
"895",2014-07-01,"2710192100",377876734.1
"896",2014-07-01,"2710193200",99505.25
"897",2014-07-01,"2710191300",3.39
"898",2014-07-01,"2710121100",18.33
"899",2014-07-01,"2710121900",29116824
"900",2014-07-01,"2710129400",145375.1
"901",2014-07-01,"2710129900",234950242.32
"902",2014-07-01,"2710191400",362
"903",2014-07-01,"2710193100",1747
"904",2014-07-01,"2710200000",7073.19
"905",2014-08-01,"2710129100",150109.77
"906",2014-08-01,"2710191200",325764.88
"907",2014-08-01,"2710192900",6034984.12
"908",2014-08-01,"2710193400",347379.08
"909",2014-08-01,"2710193500",14690990.49
"910",2014-08-01,"2710193600",250163.41
"911",2014-08-01,"2710193800",2727031.45
"912",2014-08-01,"2710193900",267057.04
"913",2014-08-01,"2710193700",845963.35
"914",2014-08-01,"2710193300",532697.99
"915",2014-08-01,"2710191900",16556947.53
"916",2014-08-01,"2710192100",135932635
"917",2014-08-01,"2710193200",101464.96
"918",2014-08-01,"2710193100",20080
"919",2014-08-01,"2710121100",17.46
"920",2014-08-01,"2710121300",71044712.01
"921",2014-08-01,"2710121900",29240547.95
"922",2014-08-01,"2710129400",343.48
"923",2014-08-01,"2710129900",62856958.35
"924",2014-08-01,"2710192200",4352.98
"925",2014-09-01,"2710191200",18299.25
"926",2014-09-01,"2710191900",27712717.64
"927",2014-09-01,"2710192900",5684860
"928",2014-09-01,"2710193400",326593.49
"929",2014-09-01,"2710193500",13514524.27
"930",2014-09-01,"2710193600",197815.48
"931",2014-09-01,"2710193700",653188.55
"932",2014-09-01,"2710193800",2192356.89
"933",2014-09-01,"2710193300",819396.7
"934",2014-09-01,"2710193900",279477.38
"935",2014-09-01,"2710129400",105900.23
"936",2014-09-01,"2710129100",208136.6
"937",2014-09-01,"2710121900",19686834.3
"938",2014-09-01,"2710129900",249787425.35
"939",2014-09-01,"2710121100",3.81
"940",2014-09-01,"2710121300",39428587.24
"941",2014-09-01,"2710191400",61.2
"942",2014-09-01,"2710192100",445382203.68
"943",2014-09-01,"2710192200",0.01
"944",2014-09-01,"2710193100",1086.09
"945",2014-09-01,"2710193200",145250.24
"946",2014-09-01,"2710200000",7411
"947",2014-10-01,"2710129100",178975.15
"948",2014-10-01,"2710191900",3377414.75
"949",2014-10-01,"2710193100",45211.86
"950",2014-10-01,"2710193200",166862.77
"951",2014-10-01,"2710193400",590189.5
"952",2014-10-01,"2710193600",238783.22
"953",2014-10-01,"2710193700",674927.33
"954",2014-10-01,"2710193800",2203148.14
"955",2014-10-01,"2710193900",38906.84
"956",2014-10-01,"2710193300",618016.25
"957",2014-10-01,"2710121300",54653287.31
"958",2014-10-01,"2710192100",339089523
"959",2014-10-01,"2710191200",84551.14
"960",2014-10-01,"2710193500",8112876.28
"961",2014-10-01,"2710121900",25626306.57
"962",2014-10-01,"2710129400",83450.17
"963",2014-10-01,"2710129900",179995540.6
"964",2014-10-01,"2710191400",26192234.9
"965",2014-10-01,"2710192200",50.41
"966",2014-10-01,"2710200000",34899.4
"967",2014-11-01,"2710129100",280368.84
"968",2014-11-01,"2710191200",73008.62
"969",2014-11-01,"2710191900",2098493.55
"970",2014-11-01,"2710192900",539.2
"971",2014-11-01,"2710193300",791162.67
"972",2014-11-01,"2710193400",601131.83
"973",2014-11-01,"2710193600",472130.82
"974",2014-11-01,"2710193800",3795711.4
"975",2014-11-01,"2710193900",1591768.39
"976",2014-11-01,"2710193700",839755.91
"977",2014-11-01,"2710192100",323647227
"978",2014-11-01,"2710129900",208744369.62
"979",2014-11-01,"2710193500",17440435.39
"980",2014-11-01,"2710121300",39764891.92
"981",2014-11-01,"2710121900",39938701.06
"982",2014-11-01,"2710129400",83864.66
"983",2014-11-01,"2710191400",26700442
"984",2014-11-01,"2710193100",184.73
"985",2014-11-01,"2710200000",35443.71
